{
    "makeup_cosmetic": {
        "m_acc": 0.9489332437515259,
        "m_fcl": 0.09153543307086615,
        "m_lcf": 0.03754693366708386,
        "m_eer": 0.05905511811023622
    },
    "makeup_impersonation": {
        "m_acc": 0.9553337097167969,
        "m_fcl": 0.00234192037470726,
        "m_lcf": 0.05229751475058109,
        "m_eer": 0.01826697892271663
    },
    "makeup_obfuscation": {
        "m_acc": 0.9296377301216125,
        "m_fcl": 0.08943089430894309,
        "m_lcf": 0.06579653137850885,
        "m_eer": 0.1016260162601626
    },
    "mannequin": {
        "m_acc": 0.9595510959625244,
        "m_fcl": 0.02,
        "m_lcf": 0.042463794028249596,
        "m_eer": 0.03166666666666667
    },
    "mask_halfmask": {
        "m_acc": 0.9561666250228882,
        "m_fcl": 0.024537037037037038,
        "m_lcf": 0.04344716610048275,
        "m_eer": 0.03796296296296296
    },
    "mask_papermask": {
        "m_acc": 0.9553693532943726,
        "m_fcl": 0.00196078431372549,
        "m_lcf": 0.0465760772394064,
        "m_eer": 0.00784313725490196
    },
    "paper": {
        "m_acc": 0.9566122889518738,
        "m_fcl": 0.03144424131627057,
        "m_lcf": 0.04130162703379224,
        "m_eer": 0.03948811700182815
    },
    "partial_eye": {
        "m_acc": 0.944993257522583,
        "m_fcl": 0.015165441176470588,
        "m_lcf": 0.059538709100661544,
        "m_eer": 0.035845588235294115
    },
    "partial_funnyeyeglasses": {
        "m_acc": 0.959886908531189,
        "m_fcl": 0.024255788313120176,
        "m_lcf": 0.041569819417128555,
        "m_eer": 0.037302462330025724
    },
    "partial_mouth": {
        "m_acc": 0.9582959413528442,
        "m_fcl": 0.007497656982193065,
        "m_lcf": 0.044966922939388525,
        "m_eer": 0.022492970946579195
    },
    "partial_paperglasses": {
        "m_acc": 0.9639833569526672,
        "m_fcl": 0.0061403508771929825,
        "m_lcf": 0.041033434650455926,
        "m_eer": 0.01929824561403509
    },
    "replay": {
        "m_acc": 0.9498834609985352,
        "m_fcl": 0.05979543666404406,
        "m_lcf": 0.039603075272662255,
        "m_eer": 0.05271439811172305
    },
    "silicone": {
        "m_acc": 0.9496638774871826,
        "m_fcl": 0.00980392156862745,
        "m_lcf": 0.05185052744502056,
        "m_eer": 0.03361344537815126
    },
    "average": {
        "m_acc": 0.952946988435892,
        "m_fcl": 0.029531454307938302,
        "m_lcf": 0.046768625617186324,
        "m_eer": 0.03824431598425259
    }
}
