{
    "makeup_obfuscation": {
        "train_loss": 0.15787972509860992,
        "train_loss_step": 0.7876707911491394,
        "loss": 0.2276032418012619,
        "loss_bce": 0.2276032418012619,
        "m_acc": 0.9096384048461914,
        "m_eer": 0.09952381998300552,
        "m_fcl": 0.050191961228847504,
        "m_lcf": 0.16623541712760925,
        "m_th_eer": 0.4708521366119385,
        "train_loss_epoch": 0.15787972509860992
    },
    "partial_eye": {
        "train_loss": 0.11824914067983627,
        "train_loss_step": 0.10918775945901871,
        "loss": 0.11806882917881012,
        "loss_bce": 0.11806882917881012,
        "m_acc": 0.968487560749054,
        "m_eer": 0.030465204268693924,
        "m_fcl": 0.04029906913638115,
        "m_lcf": 0.023221075534820557,
        "m_th_eer": 0.5967671275138855,
        "train_loss_epoch": 0.11824914067983627
    },
    "silicone": {
        "train_loss": 0.09669961780309677,
        "train_loss_step": 0.06039554253220558,
        "loss": 0.09356196969747543,
        "loss_bce": 0.09356196969747543,
        "m_acc": 0.9738210439682007,
        "m_eer": 0.017783425748348236,
        "m_fcl": 0.020290864631533623,
        "m_lcf": 0.033046916127204895,
        "m_th_eer": 0.5156412720680237,
        "train_loss_epoch": 0.09669961780309677
    },
    "makeup_impersonation": {
        "train_loss": 0.08780304342508316,
        "train_loss_step": 0.09462713450193405,
        "loss": 0.08548270910978317,
        "loss_bce": 0.08548270910978317,
        "m_acc": 0.9771336913108826,
        "m_eer": 0.020252101123332977,
        "m_fcl": 0.0274767205119133,
        "m_lcf": 0.017924778163433075,
        "m_th_eer": 0.5615141987800598,
        "train_loss_epoch": 0.08780304342508316
    },
    "partial_funnyeyeglasses": {
        "train_loss": 0.07630074769258499,
        "train_loss_step": 0.09074095636606216,
        "loss": 0.06585924327373505,
        "loss_bce": 0.06585924327373505,
        "m_acc": 0.9824410080909729,
        "m_eer": 0.01269554439932108,
        "m_fcl": 0.01753998175263405,
        "m_lcf": 0.018483588472008705,
        "m_th_eer": 0.6484872698783875,
        "train_loss_epoch": 0.07630074769258499
    },
    "partial_mouth": {
        "train_loss": 0.07319281995296478,
        "train_loss_step": 0.05719020590186119,
        "loss": 0.07748609781265259,
        "loss_bce": 0.07748609781265259,
        "m_acc": 0.9743437170982361,
        "m_eer": 0.014805990271270275,
        "m_fcl": 0.026136083528399467,
        "m_lcf": 0.02438618615269661,
        "m_th_eer": 0.5976425409317017,
        "train_loss_epoch": 0.07319281995296478
    },
    "mask_halfmask": {
        "train_loss": 0.06485989689826965,
        "train_loss_step": 0.03576739877462387,
        "loss": 0.05717547982931137,
        "loss_bce": 0.05717547982931137,
        "m_acc": 0.9836347699165344,
        "m_eer": 0.01692289300262928,
        "m_fcl": 0.020328542217612267,
        "m_lcf": 0.012819270603358746,
        "m_th_eer": 0.6130338907241821,
        "train_loss_epoch": 0.06485989689826965
    },
    "replay": {
        "train_loss": 0.05608196556568146,
        "train_loss_step": 0.10375229269266129,
        "loss": 0.0560653991997242,
        "loss_bce": 0.0560653991997242,
        "m_acc": 0.9808757901191711,
        "m_eer": 0.013451870530843735,
        "m_fcl": 0.026167841628193855,
        "m_lcf": 0.012075414881110191,
        "m_th_eer": 0.6907148361206055,
        "train_loss_epoch": 0.05608196556568146
    },
    "makeup_cosmetic": {
        "train_loss": 0.051698386669158936,
        "train_loss_step": 0.015445512719452381,
        "loss": 0.049924518913030624,
        "loss_bce": 0.049924518913030624,
        "m_acc": 0.9827865958213806,
        "m_eer": 0.012450512498617172,
        "m_fcl": 0.01743951067328453,
        "m_lcf": 0.015414174646139145,
        "m_th_eer": 0.6437399983406067,
        "train_loss_epoch": 0.051698386669158936
    },
    "mask_papermask": {
        "train_loss": 0.05936802178621292,
        "train_loss_step": 0.09254509955644608,
        "loss": 0.06961966305971146,
        "loss_bce": 0.06961966305971146,
        "m_acc": 0.9740961790084839,
        "m_eer": 0.023754099383950233,
        "m_fcl": 0.030463647097349167,
        "m_lcf": 0.018700841814279556,
        "m_th_eer": 0.6518914103507996,
        "train_loss_epoch": 0.05936802178621292
    },
    "partial_paperglasses": {
        "train_loss": 0.058057717978954315,
        "train_loss_step": 0.010627183131873608,
        "loss": 0.051301226019859314,
        "loss_bce": 0.051301226019859314,
        "m_acc": 0.9878208637237549,
        "m_eer": 0.010680319741368294,
        "m_fcl": 0.01499432697892189,
        "m_lcf": 0.008642902597784996,
        "m_th_eer": 0.7262918949127197,
        "train_loss_epoch": 0.058057717978954315
    },
    "mannequin": {
        "train_loss": 0.054261595010757446,
        "train_loss_step": 0.03529481589794159,
        "loss": 0.045361265540122986,
        "loss_bce": 0.045361265540122986,
        "m_acc": 0.9879583716392517,
        "m_eer": 0.009455274790525436,
        "m_fcl": 0.017731625586748123,
        "m_lcf": 0.006950399838387966,
        "m_th_eer": 0.6810548305511475,
        "train_loss_epoch": 0.054261595010757446
    },
    "paper": {
        "train_loss": 0.049460768699645996,
        "train_loss_step": 0.050954606384038925,
        "loss": 0.04869810864329338,
        "loss_bce": 0.04869810864329338,
        "m_acc": 0.9866212010383606,
        "m_eer": 0.008315546438097954,
        "m_fcl": 0.01453661359846592,
        "m_lcf": 0.012281659059226513,
        "m_th_eer": 0.6857813596725464,
        "train_loss_epoch": 0.049460768699645996
    },
    "mask_transparentmask": {
        "train_loss": 0.051105812191963196,
        "train_loss_step": 0.010752895846962929,
        "loss": 0.04710819944739342,
        "loss_bce": 0.04710819944739342,
        "m_acc": 0.9833231568336487,
        "m_eer": 0.010932925157248974,
        "m_fcl": 0.020261425524950027,
        "m_lcf": 0.012020627036690712,
        "m_th_eer": 0.6806544661521912,
        "train_loss_epoch": 0.051105812191963196
    }
}
